timestamp,pid,rss_MB,vms_MB,minflt,majflt
2025-10-21 17:28:08,35271,0.86,16.47,41,0
2025-10-21 17:28:10,35271,29.43,1409.04,4112,0
2025-10-21 17:28:12,35271,29.52,1409.04,4137,0
2025-10-21 17:28:14,35271,29.53,1409.04,4138,0
2025-10-21 17:28:16,35271,29.53,1409.04,4138,0
2025-10-21 17:28:18,35271,29.53,1409.04,4139,0
2025-10-21 17:28:20,35271,29.54,1409.04,4141,0
2025-10-21 17:28:22,35271,29.54,1408.98,4142,0
2025-10-21 17:28:24,35271,29.55,1408.98,4143,0
2025-10-21 17:28:26,35271,29.55,1408.98,4143,0
